type,fixed acidity,volatile acidity,citric acid,residual sugar,chlorides,free sulfur dioxide,total sulfur dioxide,density,pH,sulphates,alcohol,quality
White,7.6,0.27,0.33,2.0,0.059000000000000004,19.0,175.0,0.9944,3.22,0.56,9.9,5
White,8.0,0.33,0.32,4.6,0.040999999999999995,31.0,180.0,0.9918399999999999,2.92,0.74,12.2,6
Red,8.0,0.42,0.32,2.5,0.08,26.0,122.0,0.9980100000000001,3.22,1.07,9.7,5
White,6.1,0.41,0.14,10.4,0.037000000000000005,18.0,119.0,0.996,3.38,0.45,10,5
Red,9.4,0.5,0.34,3.6,0.08199999999999999,5.0,14.0,0.9987,3.29,0.52,10.7,6
White,5.1,0.35,0.26,6.8,0.034,36.0,120.0,0.9918799999999999,3.38,0.4,11.5,6
White,7.2,0.34,0.23,8.9,0.105,22.0,155.0,0.99692,3.01,0.58,9.5,5
White,6.0,0.25,0.28,7.7,0.053,37.0,132.0,0.9948899999999999,3.06,0.5,9.4,6
Red,7.2,0.6,0.04,2.5,0.076,18.0,88.0,0.99745,3.53,0.55,9.5,5
White,5.7,0.4,0.35,5.1,0.026000000000000002,17.0,113.0,0.9905200000000001,3.18,0.67,12.4,6
White,6.9,0.21,0.28,2.4,0.055999999999999994,49.0,159.0,0.9944,3.02,0.47,8.8,8
White,8.1,0.27,0.41,1.45,0.033,11.0,63.0,0.9908,2.99,0.56,12,5
White,6.6,0.26,0.22,18.15,0.05,23.0,139.0,0.9990399999999999,3.06,0.5,9.2,5
White,7.7,0.28,0.58,12.1,0.046,60.0,177.0,0.9983,3.08,0.46,8.9,5
White,7.4,0.31,0.26,8.6,0.048,47.0,206.0,0.9964,3.26,0.36,9.1,5
White,6.9,0.38,0.29,13.65,0.048,52.0,189.0,0.99784,3.0,0.6,9.5,6
White,6.1,0.3,0.47,1.4,0.049,50.0,187.0,0.9927,3.19,0.45,9.5,5
Red,10.5,0.24,0.47,2.1,0.066,6.0,24.0,0.9978,3.15,0.9,11,7
White,6.7,0.31,0.3,2.4,0.038,30.0,83.0,0.98867,3.09,0.36,12.8,7
Red,11.6,0.58,0.66,2.2,0.07400000000000001,10.0,47.0,10.008,3.25,0.57,9,3
White,7.9,0.46,0.4,10.1,0.168,19.0,184.0,0.99782,3.06,0.62,9.5,5
White,7.0,0.31,0.26,7.4,0.069,28.0,160.0,0.9954,3.13,0.46,9.8,6
Red,9.4,0.4,0.31,2.2,0.09,13.0,62.0,0.9966,3.07,0.63,10.5,6
White,6.5,0.27,0.19,6.6,0.045,98.0,175.0,0.99364,3.16,0.34,10.1,6
White,7.1,0.34,0.2,6.1,0.063,47.0,164.0,0.9946,3.17,0.42,10,5
White,6.6,0.23,0.32,0.9,0.040999999999999995,25.0,79.0,0.9926,3.39,0.54,10.2,7
White,7.6,0.23,0.29,8.6,0.053,65.0,146.0,0.9963,3.11,0.32,9.8,6
Red,13.0,0.32,0.65,2.6,0.09300000000000001,15.0,47.0,0.9996,3.05,0.61,10.6,5
White,7.4,0.18,0.3,10.4,0.045,44.0,174.0,0.9966,3.11,0.57,9.7,6
White,6.5,0.425,0.4,13.1,0.038,59.0,241.0,0.9979,3.23,0.57,9,5
White,7.1,0.27,0.28,1.25,0.023,3.0,89.0,0.98993,2.95,0.3,11.4,4
White,7.2,0.23,0.25,18.8,0.085,19.0,111.0,100.044,3.1,0.51,8.7,5
White,7.2,0.55,0.09,1.5,0.10800000000000001,16.0,151.0,0.9938,3.07,0.57,9.2,4
White,6.9,0.26,0.38,10.5,0.044000000000000004,33.0,139.0,0.9951700000000001,3.06,0.5,10.3,6
White,7.7,0.29,0.48,2.3,0.049,36.0,178.0,0.9931,3.17,0.64,10.6,6
White,7.0,0.16,0.73,1.0,0.138,58.0,150.0,0.9936,3.08,0.3,9.2,5
White,6.6,0.31,0.07,1.5,0.033,55.0,144.0,0.99208,3.16,0.42,10,5
White,6.2,0.36,0.32,4.0,0.036000000000000004,44.0,92.0,0.98936,3.2,0.5,13.3,7
Red,8.0,0.3,0.63,1.6,0.081,16.0,29.0,0.9958799999999999,3.3,0.78,10.8,6
Red,7.5,0.725,0.04,1.5,0.076,8.0,15.0,0.99508,3.26,0.53,9.6,5
White,6.9,0.31,0.34,7.4,0.059000000000000004,36.0,174.0,0.9963,3.46,0.62,11.1,7
Red,10.5,0.26,0.47,1.9,0.078,6.0,24.0,0.9976,3.18,1.04,10.9,7
White,7.3,0.21,0.33,1.0,0.037000000000000005,66.0,144.0,0.9923,3.11,0.52,10.2,6
White,8.6,0.485,0.29,4.1,0.026000000000000002,19.0,101.0,0.9918,3.01,0.38,12.4,5
Red,8.4,0.37,0.53,1.8,0.413,9.0,26.0,0.9979,3.06,1.06,9.1,6
Red,8.6,0.47,0.27,2.3,0.055,14.0,28.0,0.99516,3.18,0.8,11.2,5
White,7.4,0.25,0.28,7.25,0.027999999999999997,14.0,78.0,0.9923799999999999,2.94,0.37,11.5,7
White,6.7,0.19,0.41,15.6,0.055999999999999994,75.0,155.0,0.9995,3.2,0.44,8.8,6
White,7.0,0.33,0.78,9.9,0.042,21.0,251.0,0.99435,3.01,0.55,11,6
White,6.7,0.41,0.27,2.6,0.033,25.0,85.0,0.9908600000000001,3.05,0.34,11.7,6
Red,8.2,0.635,0.1,2.1,0.073,25.0,60.0,0.9963799999999999,3.29,0.75,10.9,6
Red,6.7,0.42,0.27,8.6,0.068,24.0,148.0,0.9948,3.16,0.57,11.3,6
Red,8.9,0.35,0.4,3.6,0.11,12.0,24.0,0.99549,3.23,0.7,12,7
White,6.2,0.26,0.37,7.1,0.047,54.0,201.0,0.99523,3.19,0.48,9.5,6
White,6.1,0.33,0.32,7.8,0.052000000000000005,52.0,183.0,0.9965700000000001,3.39,0.65,9.5,5
Red,8.3,0.6,0.13,2.6,0.085,6.0,24.0,0.9984,3.31,0.59,9.2,6
White,7.2,0.32,0.3,8.25,0.02,14.0,104.0,0.9936200000000001,2.99,0.44,11.4,6
White,6.9,0.19,0.35,5.0,0.067,32.0,150.0,0.995,3.36,0.48,9.8,5
Red,7.7,0.49,0.26,1.9,0.062,9.0,31.0,0.9966,3.39,0.64,9.6,5
White,7.4,0.16,0.3,13.7,0.055999999999999994,33.0,168.0,0.99825,2.9,0.44,8.7,7
Red,11.5,0.315,0.54,2.1,0.084,5.0,15.0,0.9987,2.98,0.7,9.2,6
Red,8.1,0.78,0.23,2.6,0.059000000000000004,5.0,15.0,0.997,3.37,0.56,11.3,5
White,7.0,0.34,0.1,3.5,0.044000000000000004,17.0,63.0,0.9937,3.01,0.39,9.2,5
White,6.7,0.22,0.33,1.2,0.036000000000000004,36.0,86.0,0.9905799999999999,3.1,0.76,11.4,6
White,6.3,0.39,0.35,5.9,0.04,82.5,260.0,0.9941,3.12,0.66,10.1,5
Red,6.8,0.83,0.09,1.8,0.07400000000000001,4.0,25.0,0.99534,3.38,0.45,9.6,5
White,6.4,0.25,0.3,5.5,0.038,15.0,129.0,0.9948,3.14,0.49,9.6,6
White,6.3,0.28,0.29,6.8,0.051,40.0,143.0,0.99374,3.43,0.59,11,6
Red,8.1,0.87,0.0,3.3,0.096,26.0,61.0,100.025,3.6,0.72,9.8,4
White,6.4,0.33,0.24,9.8,0.040999999999999995,29.0,109.0,0.9956,3.29,0.47,10.1,6
White,6.4,0.35,0.21,2.1,0.051,46.0,171.0,0.9932,3.16,0.5,9.5,5
White,6.6,0.24,0.35,7.7,0.031,36.0,135.0,0.9938,3.19,0.37,10.5,5
White,6.7,0.47,0.34,8.9,0.043,31.0,172.0,0.9964,3.22,0.6,9.2,5
Red,8.6,0.52,0.38,1.5,0.096,5.0,18.0,0.99666,3.2,0.52,9.4,5
White,8.0,0.24,0.26,1.7,0.033,36.0,136.0,0.99316,3.44,0.51,10.4,7
Red,7.4,0.59,0.08,4.4,0.086,6.0,29.0,0.9974,3.38,0.5,9,4
White,6.0,0.38,0.26,3.5,0.035,38.0,111.0,0.98872,3.18,0.47,13.6,7
Red,8.8,0.7,0.0,1.7,0.069,8.0,19.0,0.9970100000000001,3.31,0.53,10,6
White,5.9,0.23,0.3,12.9,0.054000000000000006,57.0,170.0,0.9972,3.28,0.39,9.4,5
White,6.5,0.23,0.2,7.5,0.05,44.0,179.0,0.9950399999999999,3.18,0.48,953.333.333.333.333,5
White,7.1,0.26,0.3,2.0,0.031,13.0,128.0,0.9917,3.19,0.49,11.4,5
Red,7.5,0.38,0.48,2.6,0.073,22.0,84.0,0.9972,3.32,0.7,9.6,4
Red,10.9,0.37,0.58,4.0,0.071,17.0,65.0,0.99935,3.22,0.78,10.1,5
White,7.1,0.37,0.3,6.2,0.04,49.0,139.0,0.99021,3.17,0.27,13.6,6
White,5.6,0.25,0.26,3.6,0.037000000000000005,18.0,115.0,0.9904,3.42,0.5,12.6,6
White,7.9,0.3,0.6,1.85,0.048,13.0,106.0,0.99331,3.24,0.49,11.85,5
White,6.6,0.31,0.49,7.7,0.05,52.0,220.0,0.9964,3.12,0.45,8.8,5
Red,6.6,0.56,0.14,2.4,0.064,13.0,29.0,0.99397,3.42,0.62,11.7,7
White,7.4,0.21,0.8,12.3,0.038,77.0,183.0,0.9977799999999999,2.95,0.48,9,5
White,6.0,0.21,0.3,8.7,0.036000000000000004,47.0,127.0,0.9936799999999999,3.18,0.39,10.6,5
White,6.8,0.27,0.35,7.8,0.048,76.0,197.0,0.9959,3.24,0.43,9.5,6
White,6.0,0.43,0.34,7.6,0.045,25.0,118.0,0.9922200000000001,3.03,0.37,11,6
White,6.2,0.39,0.24,4.8,0.037000000000000005,45.0,138.0,0.99174,3.23,0.43,11.2,7
White,7.4,0.36,0.32,1.9,0.036000000000000004,27.0,119.0,0.9919600000000001,3.15,0.49,11.2,6
Red,9.9,0.27,0.49,5.0,0.08199999999999999,9.0,17.0,0.99484,3.19,0.52,12.5,7
White,5.7,0.22,0.2,16.0,0.044000000000000004,41.0,113.0,0.9986200000000001,3.22,0.46,8.9,6
White,6.2,0.25,0.54,7.0,0.046,58.0,176.0,0.99454,3.19,0.7,10.4,5
White,7.8,0.24,0.18,6.7,0.046,33.0,160.0,0.9963,3.2,0.56,9.8,6
White,7.2,0.37,0.4,11.6,0.032,34.0,214.0,0.9963,3.1,0.51,9.8,6
White,7.3,0.2,0.37,1.2,0.037000000000000005,48.0,119.0,0.992,3.32,0.49,10.9,6
Red,7.3,0.33,0.47,2.1,0.077,5.0,11.0,0.9958,3.33,0.53,10.3,6
White,7.7,0.38,0.4,2.0,0.038,28.0,152.0,0.9906,3.18,0.32,12.9,6
White,7.0,0.24,0.47,1.3,0.043,18.0,131.0,0.9917600000000001,3.19,0.45,11,6
White,7.3,0.34,0.39,5.2,0.04,45.0,163.0,0.9925,3.3,0.47,12.4,6
Red,7.6,0.46,0.11,2.6,0.079,12.0,49.0,0.9968,3.21,0.57,10,5
Red,7.5,0.31,0.41,2.4,0.065,34.0,60.0,0.99492,3.34,0.85,11.4,6
Red,7.3,0.51,0.18,2.1,0.07,12.0,28.0,0.9976799999999999,3.52,0.73,9.5,6
White,7.5,0.24,0.31,13.0,0.049,46.0,217.0,0.9985,3.08,0.53,8.8,5
Red,7.4,0.36,0.29,2.6,0.087,26.0,72.0,0.99645,3.39,0.68,11,5
White,6.2,0.37,0.24,6.1,0.032,19.0,86.0,0.98934,3.04,0.26,13.4,8
White,6.0,0.2,0.38,1.3,0.034,37.0,104.0,0.98865,3.11,0.52,12.7,6
White,6.6,0.24,0.38,12.75,0.034,8.0,74.0,0.9938600000000001,3.1,0.57,12.9,6
Red,6.8,0.81,0.05,2.0,0.07,6.0,14.0,0.9956200000000001,3.51,0.66,10.8,6
White,6.5,0.33,0.3,3.8,0.036000000000000004,34.0,88.0,0.9902799999999999,3.25,0.63,12.5,7
White,6.15,0.21,0.37,3.2,0.021,20.0,80.0,0.9907600000000001,3.39,0.47,12,5
White,6.5,0.32,0.12,11.5,0.033,35.0,165.0,0.9974,3.22,0.32,9,5
White,7.6,0.17,0.27,4.6,0.05,23.0,98.0,0.9942200000000001,3.08,0.47,9.5,6
White,6.6,0.27,0.33,1.4,0.042,24.0,183.0,0.99215,3.29,0.46,10.7,5
White,6.5,0.23,0.39,1.9,0.036000000000000004,41.0,98.0,0.99,3.19,0.43,11.9,7
White,8.0,0.24,0.33,1.2,0.044000000000000004,28.0,101.0,0.99035,3.03,0.43,12.5,6
White,7.5,0.26,0.31,1.6,0.032,36.0,109.0,0.99044,2.97,0.43,11.9,6
White,6.5,0.41,0.22,4.8,0.052000000000000005,49.0,142.0,0.9946,3.14,0.62,9.2,5
White,6.3,0.2,0.24,1.7,0.052000000000000005,36.0,135.0,0.99374,3.8,0.66,10.8,6
White,8.0,0.59,0.71,17.35,0.038,61.0,228.0,1.0,2.95,0.75,9.3,5
White,6.7,0.16,0.28,2.5,0.046,40.0,153.0,0.9921,3.38,0.51,11.4,7
Red,7.7,0.56,0.08,2.5,0.114,14.0,46.0,0.9971,3.24,0.66,9.6,6
White,7.5,0.26,0.59,11.8,0.046,58.0,164.0,0.9981399999999999,3.17,0.46,8.9,4
White,6.9,0.12,0.36,2.2,0.037000000000000005,18.0,111.0,0.9919,3.41,0.82,11.9,8
Red,7.8,0.735,0.08,2.4,0.092,10.0,41.0,0.9974,3.24,0.71,9.8,6
Red,9.0,0.785,0.24,1.7,0.078,10.0,21.0,0.99692,3.29,0.67,10,5
White,6.9,0.22,0.43,6.4,0.042,34.0,115.0,0.99293,3.05,0.51,10.8,6
White,7.0,0.12,0.29,10.3,0.039,41.0,98.0,0.99564,3.19,0.38,9.8,8
Red,7.7,0.965,0.1,2.1,0.11199999999999999,11.0,22.0,0.9963,3.26,0.5,9.5,5
White,5.7,0.25,0.26,12.5,0.049,52.5,106.0,0.9969100000000001,3.08,0.45,9.4,6
Red,10.5,0.36,0.47,2.2,0.07400000000000001,9.0,23.0,0.9963799999999999,3.23,0.76,12,6
White,6.9,0.19,0.38,1.15,0.023,30.0,105.0,0.9904700000000001,3.11,0.38,11.4,5
White,7.2,0.19,0.39,1.2,0.036000000000000004,32.0,85.0,0.9918,3.16,0.5,10.5,5
White,7.2,0.36,0.36,5.7,0.038,26.0,98.0,0.9914,2.93,0.59,12.5,7
White,7.2,0.31,0.26,7.3,0.05,37.0,157.0,0.99625,3.09,0.43,9,5
White,5.8,0.26,0.18,1.2,0.031,40.0,114.0,0.9908,3.42,0.4,11,7
Red,11.6,0.53,0.66,3.65,0.121,6.0,14.0,0.9978,3.05,0.74,11.5,7
White,7.1,0.34,0.15,1.2,0.053,61.0,183.0,0.9936,3.09,0.43,9.2,5
White,5.6,0.295,0.26,1.1,0.035,40.0,102.0,0.99154,3.47,0.56,10.6,6
White,7.0,0.17,0.42,1.0,0.075,19.0,71.0,0.99103,3.32,0.62,11.4,6
Red,9.3,0.33,0.45,1.5,0.057,19.0,37.0,0.99498,3.18,0.89,11.1,7
White,6.5,0.22,0.45,8.0,0.053,52.0,196.0,0.9959,3.23,0.48,9.1,6
White,10.7,0.22,0.56,8.2,0.044000000000000004,37.0,181.0,0.998,2.87,0.68,9.5,6
White,8.3,0.21,0.58,17.1,0.049,62.0,213.0,10.006,3.01,0.51,9.3,6
White,6.6,0.4,0.46,6.2,0.055999999999999994,42.0,241.0,0.9968,3.5,0.6,9.9,5
White,6.9,0.31,0.32,1.2,0.024,20.0,166.0,0.99208,3.05,0.54,9.8,6
White,7.1,0.2,0.37,1.5,0.049,28.0,129.0,0.99226,3.15,0.52,10.8,5
White,8.0,0.23,0.28,2.7,0.048,49.0,165.0,0.9952,3.26,0.72,9.5,6
White,6.0,0.41,0.23,1.1,0.066,22.0,148.0,0.99266,3.3,0.47,963.333.333.333.333,5
White,5.0,0.235,0.27,11.75,0.03,34.0,118.0,0.9954,3.07,0.5,9.4,6
Red,10.6,0.31,0.49,2.2,0.063,18.0,40.0,0.9976,3.14,0.51,9.8,6
White,6.6,0.22,0.36,5.5,0.028999999999999998,30.0,105.0,0.99206,3.2,0.47,11.8,6
White,5.5,0.34,0.26,2.2,0.021,31.0,119.0,0.98919,3.55,0.49,13,8
White,7.7,0.28,0.35,15.3,0.055999999999999994,31.0,117.0,0.9998,3.27,0.5,9.6,5
White,7.5,0.42,0.2,1.4,0.06,15.0,168.0,0.9944,3.06,0.4,9.4,6
Red,7.9,0.29,0.49,2.2,0.096,21.0,59.0,0.9971399999999999,3.31,0.67,10.1,6
White,6.1,0.38,0.42,5.0,0.016,31.0,113.0,0.9900700000000001,3.15,0.31,12.4,7
White,9.4,0.17,0.55,1.6,0.049,14.0,94.0,0.9949,3.02,0.61,10.3,6
White,7.3,0.22,0.41,15.4,0.05,55.0,191.0,1.0,3.32,0.59,8.9,6
White,5.2,0.38,0.26,7.7,0.053,20.0,103.0,0.9925,3.27,0.45,12.2,6
White,5.7,0.22,0.29,3.5,0.04,27.0,146.0,0.9899899999999999,3.17,0.36,12.1,6
White,7.1,0.33,0.18,6.3,0.094,27.0,166.0,0.99474,2.9,0.49,9.5,5
Red,8.9,0.24,0.39,1.6,0.07400000000000001,3.0,10.0,0.99698,3.12,0.59,9.5,6
White,8.1,0.19,0.4,0.9,0.037000000000000005,73.0,180.0,0.9926,3.06,0.34,10,6
White,6.0,0.24,0.41,1.3,0.036000000000000004,42.0,118.0,0.99018,3.04,0.64,11.75,6
White,7.5,0.2,0.49,1.3,0.031,8.0,97.0,0.9918,3.06,0.62,11.1,5
White,7.9,0.46,0.32,4.1,0.033,40.0,138.0,0.9912,3.18,0.44,12.8,7
White,7.6,0.47,0.49,13.0,0.239,42.0,220.0,0.9988,2.96,0.51,9.2,5
Red,11.8,0.33,0.49,3.4,0.09300000000000001,54.0,80.0,10.002,3.3,0.76,10.7,7
White,7.2,0.34,0.2,5.8,0.062,52.0,203.0,0.99461,3.17,0.44,9.8,6
White,6.2,0.28,0.33,1.7,0.028999999999999998,24.0,111.0,0.99,3.24,0.5,12.1,6
White,7.1,0.17,0.43,1.3,0.023,33.0,132.0,0.99067,3.11,0.56,11.7,6
White,5.9,0.18,0.28,1.0,0.037000000000000005,24.0,88.0,0.9909399999999999,3.29,0.55,10.65,7
White,7.0,0.55,0.05,8.0,0.036000000000000004,19.0,164.0,0.99269,3.26,0.46,12.2,6
White,6.1,0.34,0.27,2.6,0.024,20.0,105.0,0.9906,3.4,0.67,12.2,7
White,6.6,0.22,0.28,12.05,0.057999999999999996,25.0,125.0,0.99856,3.45,0.45,9.4,5
White,7.6,0.32,0.36,1.6,0.04,32.0,155.0,0.993,3.23,0.52,11.3,6
Red,7.7,0.75,0.27,3.8,0.11,34.0,89.0,0.99664,3.24,0.45,9.3,5
White,6.6,0.21,0.5,8.7,0.036000000000000004,41.0,191.0,0.9929399999999999,2.96,0.56,11,6
White,5.3,0.3,0.16,4.2,0.028999999999999998,37.0,100.0,0.9905,3.3,0.36,11.8,8
White,6.0,0.38,0.26,3.5,0.035,38.0,111.0,0.98872,3.18,0.47,13.6,7
White,8.5,0.21,0.41,4.3,0.036000000000000004,24.0,99.0,0.9947,3.18,0.53,9.7,6
White,7.4,0.29,0.31,1.7,0.035,23.0,110.0,0.9926,3.07,0.38,10.9,5
White,5.8,0.58,0.0,1.5,0.02,33.0,96.0,0.98918,3.29,0.38,12.4,6
White,7.2,0.23,0.39,2.3,0.033,29.0,102.0,0.9908,3.26,0.54,12.3,7
White,5.7,0.33,0.15,1.9,0.05,20.0,93.0,0.9934,3.38,0.62,9.9,5
White,6.0,0.29,0.27,2.3,0.044000000000000004,20.0,117.0,0.9895,3.31,0.41,12.7,7
White,7.5,0.42,0.19,6.9,0.040999999999999995,62.0,150.0,0.99508,3.23,0.37,10,6
White,7.7,0.46,0.18,3.3,0.054000000000000006,18.0,143.0,0.99392,3.12,0.51,10.8,6
White,7.4,0.35,0.2,13.9,0.054000000000000006,63.0,229.0,0.9988799999999999,3.11,0.5,8.9,6
Red,9.2,0.54,0.31,2.3,0.11199999999999999,11.0,38.0,0.9969899999999999,3.24,0.56,10.9,5
Red,7.2,0.66,0.03,2.3,0.078,16.0,86.0,0.9974299999999999,3.53,0.57,9.7,5
White,7.3,0.4,0.26,5.45,0.016,26.0,90.0,0.98951,2.84,0.54,13.2,7
White,5.3,0.6,0.34,1.4,0.031,3.0,60.0,0.98854,3.27,0.38,13,6
White,8.4,0.3,0.25,17.75,0.047,25.0,218.0,100.016,2.98,0.66,9.1,5
Red,9.6,0.6,0.5,2.3,0.079,28.0,71.0,0.9997,3.5,0.57,9.7,5
White,6.0,0.41,0.05,1.5,0.063,17.0,120.0,0.9932,3.21,0.56,9.2,6
White,7.1,0.32,0.34,14.5,0.039,46.0,150.0,0.995,3.38,0.5,12.5,8
Red,7.3,0.74,0.08,1.7,0.094,10.0,45.0,0.9957600000000001,3.24,0.5,9.8,5
White,6.9,0.3,0.49,7.6,0.057,25.0,156.0,0.9962,3.43,0.63,11,7
White,6.9,0.44,0.27,5.0,0.038,33.0,166.0,0.99124,3.2,0.42,12.2,6
White,5.9,0.36,0.41,1.3,0.047,45.0,104.0,0.9917,3.33,0.51,10.6,6
White,6.2,0.12,0.26,5.7,0.044000000000000004,56.0,158.0,0.9951,3.52,0.37,10.5,6
White,9.2,0.15,0.68,1.6,0.046,22.0,130.0,0.9948,3.02,0.45,10.4,6
White,6.8,0.44,0.37,5.1,0.047,46.0,201.0,0.9938,3.08,0.65,10.5,4
White,8.0,0.25,0.35,1.1,0.054000000000000006,13.0,136.0,0.99366,3.08,0.55,9.5,5
White,7.4,0.24,0.42,14.0,0.066,48.0,198.0,0.9979,2.89,0.42,8.9,6
Red,6.2,0.44,0.39,2.5,0.077,6.0,14.0,0.99555,3.51,0.69,11,6
White,6.6,0.35,0.34,4.9,0.032,9.0,125.0,0.9925299999999999,3.32,0.81,12,5
White,6.6,0.36,0.52,11.3,0.046,8.0,110.0,0.9966,3.07,0.46,9.4,5
White,6.5,0.24,0.38,1.0,0.027000000000000003,31.0,90.0,0.98926,3.24,0.36,12.3,6
Red,5.8,0.29,0.26,1.7,0.063,3.0,11.0,0.9915,3.39,0.54,13.5,6
White,6.9,0.28,0.41,1.4,0.016,6.0,55.0,0.9887600000000001,3.16,0.4,13.4,5
Red,5.1,0.42,0.0,1.8,0.044000000000000004,18.0,88.0,0.9915700000000001,3.68,0.73,13.6,7
White,6.0,0.18,0.27,1.5,0.08900000000000001,40.0,143.0,0.9923,3.49,0.62,10.8,6
White,7.7,0.34,0.28,11.0,0.04,31.0,117.0,0.99815,3.27,0.29,9.2,6
White,6.3,0.23,0.3,1.8,0.033,16.0,91.0,0.9906,3.28,0.4,11.8,6
White,7.3,0.28,0.54,12.9,0.049,62.0,162.5,0.9984,3.06,0.45,9.1,6
White,5.6,0.295,0.2,2.2,0.049,18.0,134.0,0.9937799999999999,3.21,0.68,10,5
White,6.8,0.25,0.34,4.7,0.031,34.0,134.0,0.9927,3.21,0.38,10.6,6
White,7.1,0.27,0.27,10.4,0.040999999999999995,26.0,114.0,0.99335,3.04,0.52,11.5,7
White,6.8,0.34,0.36,8.9,0.028999999999999998,44.0,128.0,0.99318,3.28,0.35,11.95,7
Red,6.8,0.59,0.1,1.7,0.063,34.0,53.0,0.9958,3.41,0.67,9.7,5
Red,6.4,0.79,0.04,2.2,0.061,11.0,17.0,0.9958799999999999,3.53,0.65,10.4,6
White,7.1,0.21,0.35,2.5,0.04,41.0,186.0,0.9912799999999999,3.32,0.56,12.5,6
White,5.7,0.23,0.28,9.65,0.025,26.0,121.0,0.9925,3.28,0.38,11.3,6
White,7.1,0.17,0.38,7.4,0.052000000000000005,49.0,182.0,0.9958,3.35,0.52,9.6,6
White,6.6,0.38,0.29,2.4,0.136,15.0,93.0,0.99336,3.18,0.6,9.5,5
Red,8.8,0.61,0.14,2.4,0.067,10.0,42.0,0.9969,3.19,0.59,9.5,5
White,6.7,0.23,0.33,1.8,0.036000000000000004,23.0,96.0,0.9925,3.32,0.4,10.8,6
Red,5.6,0.62,0.03,1.5,0.08,6.0,13.0,0.99498,3.66,0.62,10.1,4
White,6.3,0.41,0.33,4.7,0.023,28.0,110.0,0.991,3.3,0.38,12.5,7
White,7.1,0.4,0.52,1.3,0.14800000000000002,45.0,149.0,0.9946799999999999,3.08,0.56,8.7,5
Red,5.6,0.66,0.0,2.2,0.087,3.0,11.0,0.9937799999999999,3.71,0.63,12.8,7
White,6.1,0.125,0.25,3.3,0.04,10.0,69.0,0.9934,3.54,0.59,10.1,6
White,6.8,0.22,0.31,1.4,0.053,34.0,114.0,0.9929,3.39,0.77,10.6,6
White,7.8,0.29,0.33,8.75,0.035,33.0,181.0,0.9962,3.11,0.46,10.7,5
White,7.9,0.21,0.39,2.0,0.057,21.0,138.0,0.9917600000000001,3.05,0.52,10.9,5
White,6.5,0.29,0.31,1.7,0.035,24.0,79.0,0.9905299999999999,3.27,0.69,11.4,7
Red,7.9,0.52,0.26,1.9,0.079,42.0,140.0,0.9964,3.23,0.54,9.5,5
White,5.9,0.12,0.27,4.8,0.03,40.0,110.0,0.99226,3.55,0.68,12.1,6
White,6.5,0.26,0.34,1.4,0.04,25.0,184.0,0.99216,3.29,0.46,10.7,5
White,6.3,0.33,0.27,1.2,0.046,34.0,175.0,0.9934,3.37,0.54,9.4,6
White,7.4,0.18,0.3,8.8,0.064,26.0,103.0,0.9961,2.94,0.56,9.3,5
White,8.3,0.36,0.57,15.0,0.052000000000000005,35.0,256.0,10.001,2.93,0.64,8.6,5
White,8.3,0.4,0.38,1.1,0.038,15.0,75.0,0.9934,3.03,0.43,9.2,5
White,6.8,0.27,0.24,4.6,0.098,36.0,127.0,0.9941200000000001,3.15,0.49,9.6,6
White,7.4,0.13,0.39,4.7,0.042,36.0,137.0,0.995,3.36,0.56,10.3,7
White,6.9,0.4,0.17,12.9,0.033,59.0,186.0,0.99754,3.08,0.49,9.4,5
White,7.3,0.3,0.22,6.4,0.055999999999999994,44.0,168.0,0.9947,3.13,0.35,10.1,6
White,6.7,0.24,0.39,2.9,0.17300000000000001,63.0,157.0,0.9937,3.1,0.34,9.4,6
White,7.1,0.37,0.3,6.2,0.04,49.0,139.0,0.99021,3.17,0.27,13.6,6
White,7.1,0.23,0.39,13.7,0.057999999999999996,26.0,172.0,0.99755,2.9,0.46,9,6
White,6.7,0.4,0.22,8.8,0.052000000000000005,24.0,113.0,0.9957600000000001,3.22,0.45,9.4,5
Red,10.0,0.49,0.2,11.0,0.071,13.0,50.0,10.015,3.16,0.69,9.2,6
White,6.8,0.26,0.24,7.8,0.052000000000000005,54.0,214.0,0.9961,3.13,0.47,8.9,5
White,7.4,0.16,0.27,15.5,0.05,25.0,135.0,0.9984,2.9,0.43,8.7,7
White,6.4,0.28,0.56,1.7,0.156,49.0,106.0,0.99354,3.1,0.37,9.2,6
White,7.2,0.33,0.22,4.5,0.031,10.0,73.0,0.9907600000000001,2.97,0.52,12.2,7
White,7.0,0.23,0.26,7.2,0.040999999999999995,21.0,90.0,0.9950899999999999,3.22,0.55,9.5,6
White,6.8,0.19,0.32,7.6,0.049,37.0,107.0,0.9933200000000001,3.12,0.44,10.7,7
Red,8.1,0.87,0.0,2.2,0.084,10.0,31.0,0.99656,3.25,0.5,9.8,5
White,7.0,0.24,0.32,1.3,0.037000000000000005,39.0,123.0,0.992,3.17,0.42,11.2,8
White,6.7,0.19,0.39,1.0,0.032,14.0,71.0,0.9891200000000001,3.31,0.38,13,7
Red,6.8,0.775,0.0,3.0,0.102,8.0,23.0,0.9965,3.45,0.56,10.7,5
Red,8.2,0.31,0.4,2.2,0.057999999999999996,6.0,10.0,0.99536,3.31,0.68,11.2,7
White,6.8,0.21,0.4,6.3,0.032,40.0,121.0,0.9921399999999999,3.18,0.53,12,7
Red,6.5,0.34,0.27,2.8,0.067,8.0,44.0,0.99384,3.21,0.56,12,6
White,6.5,0.26,0.28,12.5,0.046,80.0,225.0,0.99685,3.18,0.41,10,6
White,7.0,0.14,0.49,5.9,0.053,22.0,118.0,0.9954,3.36,0.36,9.4,6
White,6.3,0.25,0.44,1.7,0.024,36.0,116.0,0.98935,3.18,0.4,12.5,6
White,8.0,0.37,0.31,4.7,0.038,3.0,127.0,0.9918600000000001,2.9,0.72,12.1,5
White,5.8,0.28,0.3,1.5,0.026000000000000002,31.0,114.0,0.9895200000000001,3.32,0.6,12.5,7
Red,7.8,0.46,0.26,1.9,0.08800000000000001,23.0,53.0,0.9981,3.43,0.74,9.2,6
White,5.4,0.17,0.27,2.7,0.049,28.0,104.0,0.99224,3.46,0.55,10.3,6
White,6.4,0.1,0.35,4.9,0.048,31.0,103.0,0.9947,3.43,0.79,9.7,6
Red,12.7,0.6,0.49,2.8,0.075,5.0,19.0,0.9994,3.14,0.57,11.4,5
White,6.5,0.32,0.34,5.7,0.044000000000000004,27.0,91.0,0.9918399999999999,3.28,0.6,12,7
White,7.2,0.5,0.0,0.8,0.034,46.0,114.0,0.9932,3.19,0.34,9.2,4
White,6.5,0.36,0.38,10.2,0.027999999999999997,20.0,82.0,0.99274,3.1,0.43,12.1,7
Red,8.7,0.84,0.0,1.4,0.065,24.0,33.0,0.9954,3.27,0.55,9.7,5
Red,7.1,0.46,0.14,2.8,0.076,15.0,37.0,0.99624,3.36,0.49,10.7,5
White,7.2,0.115,0.3,6.8,0.055999999999999994,26.0,105.0,0.9954,3.44,0.4,9.6,6
Red,13.2,0.38,0.55,2.7,0.081,5.0,16.0,10.006,2.98,0.54,9.4,5
White,6.8,0.21,0.42,1.2,0.045,24.0,126.0,0.99234,3.09,0.87,10.9,6
White,5.8,0.29,0.15,1.1,0.028999999999999998,12.0,83.0,0.9898,3.3,0.4,11.4,6
White,7.6,0.31,0.49,3.95,0.044000000000000004,27.0,131.0,0.9912,3.08,0.67,12.8,7
White,6.5,0.24,0.38,1.0,0.027000000000000003,31.0,90.0,0.98926,3.24,0.36,12.3,6
White,7.6,0.26,0.58,7.9,0.040999999999999995,62.0,180.0,0.9966,3.07,0.38,9,5
White,5.9,0.27,0.27,9.0,0.051,43.0,136.0,0.9941,3.25,0.53,10.7,6
White,6.5,0.19,0.27,4.9,0.037000000000000005,13.0,101.0,0.9916,3.17,0.41,11.8,6
Red,7.7,0.96,0.2,2.0,0.047,15.0,60.0,0.9955,3.36,0.44,10.9,5
White,7.3,0.26,0.33,17.85,0.049,41.5,195.0,1.0,3.06,0.44,9.1,7
White,6.9,0.16,0.37,1.8,0.034,36.0,95.0,0.9895200000000001,2.93,0.59,12,6
White,6.7,0.25,0.34,12.85,0.048,30.0,161.0,0.9986,3.44,0.47,9.5,6
White,5.7,0.21,0.24,2.3,0.047,60.0,189.0,0.995,3.65,0.72,10.1,6
White,6.8,0.32,0.37,3.4,0.023,19.0,87.0,0.9902,3.14,0.53,12.7,6
White,6.3,0.17,0.32,1.0,0.04,39.0,118.0,0.9888600000000001,3.31,0.4,13.1,8
White,7.7,0.28,0.24,2.4,0.044000000000000004,29.0,157.0,0.9931200000000001,3.27,0.56,10.6,6
White,8.2,0.61,0.45,5.4,0.03,15.0,118.0,0.9954,3.14,0.34,9.6,5
White,6.4,0.15,0.4,1.3,0.053,61.0,146.0,0.9911200000000001,3.17,0.68,11,6
White,6.6,0.17,0.38,1.5,0.032,28.0,112.0,0.9914,3.25,0.55,11.4,7
White,7.2,0.685,0.21,9.5,0.07,33.0,172.0,0.9971,3.0,0.55,9.1,6
Red,7.0,0.4,0.32,3.6,0.061,9.0,29.0,0.99416,3.28,0.49,11.3,7
Red,6.8,0.66,0.07,1.6,0.07,16.0,61.0,0.99572,3.29,0.6,9.3,5
White,6.6,0.33,0.24,16.05,0.045,31.0,147.0,0.9982200000000001,3.08,0.52,9.2,5
White,7.6,0.18,0.28,7.1,0.040999999999999995,29.0,110.0,0.9965200000000001,3.2,0.42,9.2,6
White,5.6,0.19,0.31,2.7,0.027000000000000003,11.0,100.0,0.98964,3.46,0.4,13.2,7
White,6.8,0.21,0.26,11.7,0.038,61.0,152.0,0.99523,3.02,0.56,10.5,7
White,6.8,0.51,0.3,4.2,0.066,38.0,165.0,0.9945,3.2,0.42,9.1,5
Red,7.6,0.63,0.03,2.0,0.08,27.0,43.0,0.9957799999999999,3.44,0.64,10.9,6
White,7.2,0.27,0.31,1.2,0.031,27.0,80.0,0.98892,3.03,0.33,12.7,6
Red,10.0,0.43,0.33,2.7,0.095,28.0,89.0,0.9984,3.22,0.68,10,5
White,6.6,0.26,0.27,11.8,0.048,28.0,112.0,0.9960600000000001,2.87,0.49,9.7,6
White,6.6,0.28,0.34,0.8,0.037000000000000005,42.0,119.0,0.9888,3.03,0.37,12.5,6
White,7.8,0.27,0.33,2.4,0.053,36.0,175.0,0.992,3.2,0.55,11,6
White,6.7,0.24,0.36,8.4,0.042,42.0,123.0,0.9947299999999999,3.34,0.52,10.9,6
Red,7.0,0.45,0.34,2.7,0.08199999999999999,16.0,72.0,0.998,3.55,0.6,9.5,5
White,7.4,0.35,0.31,17.95,0.062,42.0,187.0,10.002,3.27,0.64,9.1,5
Red,8.9,0.32,0.31,2.0,0.08800000000000001,12.0,19.0,0.9957,3.17,0.55,10.4,6
Red,8.9,0.31,0.57,2.0,0.111,26.0,85.0,0.9971,3.26,0.53,9.7,5
White,7.3,0.25,0.28,1.5,0.043,19.0,113.0,0.9933799999999999,3.38,0.56,10.1,6
Red,7.0,0.62,0.18,1.5,0.062,7.0,50.0,0.9951,3.08,0.6,9.3,5
Red,9.8,0.25,0.49,2.7,0.08800000000000001,15.0,33.0,0.9982,3.42,0.9,10,6
White,5.6,0.235,0.29,1.2,0.047,33.0,127.0,0.991,3.34,0.5,11,7
White,7.4,0.56,0.09,1.5,0.071,19.0,117.0,0.9949600000000001,3.22,0.53,9.8,5
White,6.5,0.31,0.61,13.0,0.053,31.0,123.0,0.99708,3.09,0.5,9.3,6
White,7.7,0.28,0.35,15.3,0.055999999999999994,31.0,117.0,0.9998,3.27,0.5,9.6,5
White,9.2,0.25,0.34,1.2,0.026000000000000002,31.0,93.0,0.9916,2.93,0.37,11.3,7
Red,8.5,0.34,0.44,1.7,0.079,6.0,12.0,0.99605,3.52,0.63,10.7,5
White,7.4,0.3,0.3,5.2,0.053,45.0,163.0,0.9941,3.12,0.45,10.3,6
White,5.3,0.58,0.07,6.9,0.043,34.0,149.0,0.9944,3.34,0.57,9.7,5
White,8.3,0.4,0.41,8.2,0.05,15.0,122.0,0.9979,3.39,0.49,9.3,5
White,6.1,0.17,0.42,15.1,0.033,28.0,124.0,0.99684,2.87,0.47,9.5,5
White,9.0,0.245,0.38,5.9,0.045,52.0,159.0,0.995,2.93,0.35,10.2,6
White,7.2,0.3,0.3,8.7,0.022000000000000002,14.0,111.0,0.9957600000000001,3.11,0.61,10.6,5
Red,7.3,0.67,0.02,2.2,0.07200000000000001,31.0,92.0,0.99566,3.32,0.68,110.666.666.666.667,6
Red,6.6,0.855,0.02,2.4,0.062,15.0,23.0,0.9962700000000001,3.54,0.6,11,6
White,7.0,0.24,0.25,1.7,0.042,48.0,189.0,0.992,3.25,0.42,11.4,6
White,6.0,0.44,0.26,3.1,0.053,57.0,128.0,0.98982,3.22,0.39,12.7,6
White,5.7,0.36,0.34,4.2,0.026000000000000002,21.0,77.0,0.9907,3.41,0.45,11.9,6
White,7.0,0.25,0.45,2.3,0.045,40.0,118.0,0.99064,3.16,0.48,11.9,7
White,6.4,0.21,0.34,16.05,0.04,56.0,142.0,0.9967799999999999,3.11,0.38,10.6,5
Red,7.8,0.6,0.26,2.0,0.08,31.0,131.0,0.9962200000000001,3.21,0.52,9.9,5
White,5.9,0.21,0.23,7.9,0.033,22.0,130.0,0.9944,3.38,0.59,10.9,6
Red,7.3,0.55,0.03,1.6,0.07200000000000001,17.0,42.0,0.9956,3.37,0.48,9,4
White,9.3,0.31,0.49,1.3,0.042,34.0,147.0,0.9948,3.11,0.46,9.8,5
White,7.6,0.39,0.22,2.8,0.036000000000000004,19.0,113.0,0.9926,3.03,0.29,10.2,5
White,6.2,0.2,0.26,1.1,0.047,42.0,119.0,0.9915799999999999,3.48,0.6,11,7
Red,8.2,0.38,0.32,2.5,0.08,24.0,71.0,0.99624,3.27,0.85,11,6
Red,7.3,0.38,0.21,2.0,0.08,7.0,35.0,0.9961,3.33,0.47,9.5,5
Red,8.0,0.62,0.35,2.8,0.086,28.0,52.0,0.997,3.31,0.62,10.8,5
White,7.1,0.2,0.31,7.4,0.053,32.0,211.0,0.99587,3.31,0.59,10.4,6
White,6.5,0.19,0.1,1.3,0.046,23.0,107.0,0.9937,3.29,0.45,10,5
White,5.8,0.33,0.23,5.0,0.053,29.0,106.0,0.9945799999999999,3.13,0.52,9,5
Red,6.6,0.66,0.0,3.0,0.115,21.0,31.0,0.99629,3.45,0.63,10.3,5
White,7.2,0.17,0.28,17.55,0.05,33.0,154.0,0.99971,2.94,0.43,9,7
White,6.1,0.34,0.24,18.35,0.05,33.0,184.0,0.9994299999999999,3.12,0.61,9.3,5
White,7.3,0.24,0.34,7.5,0.048,29.0,152.0,0.9962,3.1,0.54,9,5
Red,6.9,0.49,0.19,1.7,0.079,13.0,26.0,0.9954700000000001,3.38,0.64,9.8,6
White,7.0,0.27,0.29,3.9,0.059000000000000004,28.0,199.0,0.9961,3.54,0.59,10.3,5
White,6.6,0.23,0.32,1.7,0.024,26.0,102.0,0.9908399999999999,3.29,0.6,11.8,6
White,4.8,0.34,0.0,6.5,0.027999999999999997,33.0,163.0,0.9939,3.36,0.61,9.9,6
White,7.3,0.13,0.32,14.4,0.051,34.0,109.0,0.9974,3.2,0.35,9.2,6
White,7.6,0.3,0.37,1.6,0.087,27.0,177.0,0.9943799999999999,3.09,0.5,9.8,5
White,8.2,0.34,0.29,5.2,0.076,19.0,92.0,0.9913799999999999,2.95,0.39,12.5,6
White,6.9,0.28,0.28,12.2,0.042,52.0,139.0,0.9952200000000001,3.03,0.56,10.4,6
White,6.4,0.22,0.34,1.8,0.057,29.0,104.0,0.9959,3.81,0.57,10.3,6
Red,6.8,0.61,0.2,1.8,0.077,11.0,65.0,0.9971,3.54,0.58,9.3,5
Red,11.6,0.32,0.55,2.8,0.081,35.0,67.0,10.002,3.32,0.92,10.8,7
White,7.1,0.24,0.34,1.2,0.045,6.0,132.0,0.9913200000000001,3.16,0.46,11.2,4
White,7.4,0.17,0.4,5.5,0.037000000000000005,34.0,161.0,0.9935,3.05,0.62,11.5,4
White,6.2,0.76,0.01,3.2,0.040999999999999995,18.0,120.0,0.99026,3.2,0.94,13.7,7
White,7.4,0.25,0.37,13.5,0.06,52.0,192.0,0.9975,3.0,0.44,9.1,5
White,6.3,0.24,0.29,13.7,0.035,53.0,134.0,0.99567,3.17,0.38,10.6,6
White,6.2,0.36,0.14,8.9,0.036000000000000004,38.0,155.0,0.9962200000000001,3.27,0.5,9.4,5
White,6.2,0.31,0.21,6.3,0.040999999999999995,50.0,218.0,0.9941,3.15,0.6,10,5
White,9.2,0.34,0.27,1.2,0.026000000000000002,17.0,73.0,0.9921,3.08,0.39,10.8,5
Red,7.7,0.705,0.1,2.6,0.084,9.0,26.0,0.9976,3.39,0.49,9.7,5
Red,8.7,0.7,0.24,2.5,0.226,5.0,15.0,0.9991,3.32,0.6,9,6
White,7.3,0.3,0.74,13.5,0.039,46.0,165.0,0.9982,3.02,0.4,8.7,5
White,5.7,0.22,0.28,1.3,0.027000000000000003,26.0,101.0,0.9894799999999999,3.35,0.38,12.5,7
White,7.0,0.2,0.34,2.1,0.049,12.0,136.0,0.9922,3.25,0.46,11.6,7
White,5.4,0.3,0.3,1.2,0.028999999999999998,25.0,93.0,0.9874200000000001,3.31,0.4,13.6,7
White,7.2,0.19,0.31,6.3,0.034,17.0,103.0,0.99305,3.15,0.52,11.4,7
White,6.9,0.38,0.29,13.65,0.048,52.0,189.0,0.99784,3.0,0.6,9.5,6
White,6.4,0.24,0.26,8.2,0.054000000000000006,47.0,182.0,0.9953799999999999,3.12,0.5,9.5,5
Red,8.9,0.595,0.41,7.9,0.086,30.0,109.0,0.9998,3.27,0.57,9.3,5
White,7.7,0.12,0.32,1.4,0.06,47.0,150.0,0.9952,3.37,0.42,9.2,6
White,6.4,0.29,0.44,3.6,0.2,75.0,181.0,0.9942,3.02,0.41,9.1,5
Red,10.0,0.26,0.54,1.9,0.083,42.0,74.0,0.99451,2.98,0.63,11.8,8
White,7.8,0.34,0.35,1.8,0.042,8.0,167.0,0.9908,3.11,0.41,12.1,6
Red,8.4,0.715,0.2,2.4,0.076,10.0,38.0,0.99735,3.31,0.64,9.4,5
White,7.1,0.33,0.3,3.3,0.034,30.0,102.0,0.9912,3.08,0.31,12.3,7
White,5.7,0.265,0.28,6.9,0.036000000000000004,46.0,150.0,0.9929899999999999,3.36,0.44,10.8,7
White,7.5,0.38,0.33,9.2,0.043,19.0,116.0,0.99444,3.08,0.42,11.4,6
Red,9.3,0.39,0.4,2.6,0.073,10.0,26.0,0.9984,3.34,0.75,10.2,6
Red,8.7,0.625,0.16,2.0,0.10099999999999999,13.0,49.0,0.9962,3.14,0.57,11,5
White,7.1,0.31,0.17,1.0,0.042,21.0,144.0,0.9930399999999999,3.13,0.4,9.6,5
Red,7.4,0.29,0.38,1.7,0.062,9.0,30.0,0.9968,3.41,0.53,9.5,6
White,5.6,0.19,0.27,0.9,0.04,52.0,103.0,0.99026,3.5,0.39,11.2,5
White,7.4,0.2,0.37,1.2,0.027999999999999997,28.0,89.0,0.9913200000000001,3.14,0.61,11.8,6
White,5.8,0.27,0.26,3.5,0.071,26.0,69.0,0.9899399999999999,3.1,0.38,11.5,6
White,8.0,0.19,0.36,1.8,0.05,16.0,84.0,0.9936,3.15,0.45,9.8,7
White,8.9,0.21,0.37,1.2,0.027999999999999997,20.0,93.0,0.99244,3.2,0.37,11.5,5
White,6.3,0.27,0.25,5.8,0.038,52.0,155.0,0.995,3.28,0.38,9.4,6
White,6.8,0.16,0.36,1.3,0.034,32.0,98.0,0.9905799999999999,3.02,0.58,11.3,6
White,6.8,0.14,0.18,1.4,0.047,30.0,90.0,0.99164,3.27,0.54,11.2,6
White,5.7,0.21,0.25,1.1,0.035,26.0,81.0,0.9902,3.31,0.52,11.4,6
Red,7.3,0.45,0.36,5.9,0.07400000000000001,12.0,87.0,0.9978,3.33,0.83,10.5,5
White,8.1,0.26,0.33,11.1,0.052000000000000005,52.5,158.0,0.9976,3.03,0.49,10.2,7
White,5.9,0.26,0.3,1.0,0.036000000000000004,38.0,114.0,0.9928,3.58,0.48,9.4,5
White,5.8,0.32,0.28,4.3,0.032,46.0,115.0,0.98946,3.16,0.57,13,8
White,6.1,0.44,0.28,4.25,0.032,43.0,132.0,0.9916,3.26,0.47,112.666.666.666.667,7
Red,7.1,0.84,0.02,4.4,0.096,5.0,13.0,0.997,3.41,0.57,11,4
Red,7.3,0.585,0.18,2.4,0.078,15.0,60.0,0.9963799999999999,3.31,0.54,9.8,5
Red,11.6,0.44,0.64,2.1,0.059000000000000004,5.0,15.0,0.998,3.21,0.67,10.2,6
White,5.9,0.21,0.24,12.1,0.044000000000000004,53.0,165.0,0.9969,3.25,0.39,9.5,5
White,7.6,0.18,0.36,2.4,0.049,38.0,123.0,0.996,3.6,0.46,10.3,5
White,8.2,0.18,0.31,11.8,0.039,96.0,249.0,0.9976,3.07,0.52,9.5,6
White,6.7,0.16,0.32,12.5,0.035,18.0,156.0,0.99666,2.88,0.36,9,6
White,6.8,0.705,0.25,3.2,0.048,10.0,57.0,0.996,3.36,0.52,9.5,4
White,6.6,0.19,0.99,1.2,0.122,45.0,129.0,0.9936,3.09,0.31,8.7,6
White,6.4,0.27,0.45,8.3,0.05,52.0,196.0,0.9955,3.18,0.48,9.5,5
Red,7.8,0.56,0.19,1.8,0.10400000000000001,12.0,47.0,0.9964,3.19,0.93,9.5,5
White,6.5,0.32,0.3,2.3,0.051,20.0,127.0,0.98964,3.13,0.52,12.8,6
Red,7.0,0.65,0.02,2.1,0.066,8.0,25.0,0.9972,3.47,0.67,9.5,6
White,7.9,0.44,0.26,4.45,0.033,23.0,100.0,0.9911700000000001,3.17,0.52,12.7,6
White,7.2,0.2,0.61,16.2,0.043,14.0,103.0,0.9987,3.06,0.36,9.2,6
White,7.4,0.31,0.48,14.2,0.042,62.0,204.0,0.9983,3.06,0.59,9.4,5
White,7.9,0.28,0.32,3.6,0.038,9.0,76.0,0.992,3.05,0.31,11.7,4
White,7.5,0.19,0.49,1.6,0.047,42.0,140.0,0.9932,3.4,0.47,10.7,6
White,6.2,0.66,0.48,1.2,0.028999999999999998,29.0,75.0,0.9892,3.33,0.39,12.8,8
White,6.5,0.14,0.33,7.6,0.05,53.0,189.0,0.9966,3.25,0.49,8.6,5
White,7.1,0.36,0.4,1.95,0.033,26.0,118.0,0.98934,3.2,0.45,13.5,7
White,7.3,0.19,0.27,13.9,0.057,45.0,155.0,0.9980700000000001,2.94,0.41,8.8,8
White,9.2,0.28,0.46,3.2,0.057999999999999996,39.0,133.0,0.996,3.14,0.58,9.5,5
White,6.5,0.21,0.4,7.3,0.040999999999999995,49.0,115.0,0.9926799999999999,3.21,0.43,11,6
Red,7.7,0.915,0.12,2.2,0.14300000000000002,7.0,23.0,0.9964,3.35,0.65,10.2,7
Red,11.0,0.26,0.68,2.55,0.085,10.0,25.0,0.997,3.18,0.61,11.8,5
White,7.5,0.18,0.31,6.5,0.028999999999999998,53.0,160.0,0.9927600000000001,3.03,0.38,10.9,6
White,8.5,0.21,0.26,9.25,0.034,73.0,142.0,0.9945,3.05,0.37,11.4,6
Red,7.8,0.88,0.0,2.6,0.098,25.0,67.0,0.9968,3.2,0.68,9.8,5
White,7.3,0.32,0.35,1.4,0.05,8.0,163.0,0.99244,3.24,0.42,10.7,5
White,7.6,0.17,0.35,1.6,0.047,43.0,154.0,0.9934,3.36,0.69,11.1,6
White,6.6,0.3,0.25,8.0,0.036000000000000004,21.0,124.0,0.9936200000000001,3.06,0.38,10.8,6
White,8.5,0.32,0.36,14.9,0.040999999999999995,47.0,190.0,0.9982,3.08,0.31,10,6
Red,7.6,0.54,0.02,1.7,0.085,17.0,31.0,0.9958899999999999,3.37,0.51,10.4,6
Red,9.4,0.34,0.37,2.2,0.075,5.0,13.0,0.998,3.22,0.62,9.2,5
White,6.0,0.33,0.27,0.8,0.185,12.0,188.0,0.9924,3.12,0.62,9.4,5
White,6.0,0.36,0.39,3.2,0.027000000000000003,20.0,125.0,0.991,3.38,0.39,11.3,7
White,8.1,0.4,0.32,7.9,0.031,23.0,118.0,0.9917600000000001,3.05,0.46,13.3,7
White,6.1,0.3,0.56,2.7,0.046,46.0,184.0,0.9924,3.31,0.57,10.9,6
White,6.2,0.23,0.35,0.7,0.051,24.0,111.0,0.9916,3.37,0.43,11,3
White,7.1,0.26,0.31,2.2,0.044000000000000004,29.0,128.0,0.9937,3.34,0.64,10.9,8
White,6.7,0.28,0.31,7.4,0.040999999999999995,7.0,81.0,0.99254,3.04,0.47,11.4,8
Red,10.5,0.59,0.49,2.1,0.07,14.0,47.0,0.9991,3.3,0.56,9.6,4
White,7.5,0.27,0.79,11.95,0.04,51.0,159.0,0.99839,2.98,0.44,8.7,5
Red,8.0,0.83,0.27,2.0,0.08,11.0,63.0,0.9965200000000001,3.29,0.48,9.8,4
White,6.8,0.18,0.37,1.6,0.055,47.0,154.0,0.9934,3.08,0.45,9.1,5
White,7.5,0.24,0.31,13.1,0.05,26.0,180.0,0.99884,3.05,0.53,9.1,6
Red,8.3,0.26,0.37,1.4,0.076,8.0,23.0,0.9974,3.26,0.7,9.6,6
White,7.4,0.28,0.4,11.9,0.032,13.0,92.0,0.99629,3.01,0.46,10.8,4
White,6.2,0.25,0.42,8.0,0.049,53.0,206.0,0.9958600000000001,3.16,0.47,9.1,6
White,6.7,0.23,0.17,1.3,0.061,14.0,100.0,0.9925,3.07,0.55,9.5,5
White,8.0,0.3,0.28,5.7,0.044000000000000004,31.0,124.0,0.9948,3.16,0.51,10.2,6
White,6.6,0.545,0.04,2.5,0.031,48.0,111.0,0.9906,3.14,0.32,11.9,5
White,7.0,0.24,0.24,1.8,0.047,29.0,91.0,0.99251,3.3,0.43,9.9,6
White,7.0,0.23,0.42,5.1,0.042,37.0,144.0,0.99518,3.5,0.59,10.2,6
White,6.7,0.16,0.32,12.5,0.035,18.0,156.0,0.99666,2.88,0.36,9,6
White,6.5,0.24,0.32,7.6,0.038,48.0,203.0,0.9958,3.45,0.54,9.7,7
White,8.2,0.2,0.36,8.1,0.035,60.0,163.0,0.9952,3.05,0.3,10.3,6
Red,6.9,0.51,0.23,2.0,0.07200000000000001,13.0,22.0,0.9943799999999999,3.4,0.84,11.2,6
White,5.9,0.25,0.24,7.4,0.044000000000000004,21.0,113.0,0.9946200000000001,3.38,0.58,10.5,6
Red,6.8,0.59,0.06,6.0,0.06,11.0,18.0,0.9962,3.41,0.59,10.8,7
Red,8.4,0.52,0.22,2.7,0.084,4.0,18.0,0.99682,3.26,0.57,9.9,6
White,6.2,0.25,0.44,15.8,0.057,39.0,167.0,0.9980399999999999,3.14,0.51,9.2,5
White,6.8,0.31,0.32,7.6,0.052000000000000005,35.0,143.0,0.9959,3.14,0.38,9,5
Red,6.4,0.57,0.14,3.9,0.07,27.0,73.0,0.99669,3.32,0.48,9.2,5
White,7.2,0.13,0.46,1.3,0.044000000000000004,48.0,111.0,0.9912700000000001,2.97,0.45,11.1,5
White,5.6,0.2,0.36,2.5,0.048,16.0,125.0,0.99282,3.49,0.49,10,6
White,7.3,0.19,0.49,15.55,0.057999999999999996,50.0,134.0,0.9998,3.42,0.36,9.1,7
White,6.5,0.23,0.25,17.3,0.046,15.0,110.0,0.99828,3.15,0.42,9.2,6
White,7.2,0.24,0.36,2.0,0.028999999999999998,21.0,63.0,0.9907600000000001,3.13,0.63,12.5,6
White,6.7,0.27,0.33,3.6,0.034,9.0,45.0,0.99144,3.08,0.4,10.5,6
White,6.9,0.33,0.31,7.7,0.04,29.0,135.0,0.99226,3.11,0.57,12.3,5
Red,11.5,0.54,0.71,4.4,0.124,6.0,15.0,0.9984,3.01,0.83,11.8,7
White,6.5,0.36,0.28,3.2,0.037000000000000005,29.0,119.0,0.9908,3.25,0.65,12.4,8
Red,6.6,0.96,0.0,1.8,0.08199999999999999,5.0,16.0,0.9936,3.5,0.44,11.9,6
White,7.9,0.35,0.24,15.6,0.07200000000000001,44.0,229.0,0.99785,3.03,0.59,10.5,6
White,6.9,0.38,0.25,9.8,0.04,28.0,191.0,0.9971,3.28,0.61,9.2,5
White,7.0,0.34,0.1,3.5,0.044000000000000004,17.0,63.0,0.9937,3.01,0.39,9.2,5
White,6.3,0.23,0.33,6.9,0.052000000000000005,23.0,118.0,0.9938,3.23,0.46,10.4,6
White,6.9,0.32,0.13,7.8,0.042,11.0,117.0,0.996,3.23,0.37,9.2,5
White,6.6,0.28,0.09,10.9,0.051,37.0,131.0,0.99566,2.93,0.62,9.5,6
Red,9.9,0.35,0.55,2.1,0.062,5.0,14.0,0.9971,3.26,0.79,10.6,5
Red,11.4,0.36,0.69,2.1,0.09,6.0,21.0,1.0,3.17,0.62,9.2,6
White,8.0,0.25,0.26,14.0,0.043,41.0,248.0,0.9986,3.03,0.57,8.7,6
White,6.2,0.26,0.29,2.0,0.036000000000000004,16.0,87.0,0.9908100000000001,3.33,0.61,11.8,6
White,7.0,0.45,0.34,19.8,0.04,12.0,67.0,0.9976,3.07,0.38,11,6
White,5.8,0.15,0.28,0.8,0.037000000000000005,43.0,127.0,0.99198,3.24,0.51,9.3,5
Red,7.1,0.53,0.07,1.7,0.071,15.0,24.0,0.9951,3.29,0.66,10.8,6
White,6.9,0.27,0.41,1.7,0.047,6.0,134.0,0.9929,3.15,0.69,11.4,6
White,5.7,0.26,0.24,17.8,0.059000000000000004,23.0,124.0,0.9977299999999999,3.3,0.5,10.1,5
White,7.1,0.47,0.29,14.8,0.024,22.0,142.0,0.99518,3.12,0.48,12,8
White,7.1,0.31,0.17,1.0,0.042,21.0,144.0,0.9930399999999999,3.13,0.4,9.6,5
White,7.3,0.205,0.31,1.7,0.06,34.0,110.0,0.9963,3.72,0.69,10.5,6
White,6.9,0.3,0.21,7.2,0.045,54.0,190.0,0.99595,3.22,0.48,9.4,5
White,6.1,0.22,0.49,1.5,0.051,18.0,87.0,0.9928,3.3,0.46,9.6,5
White,6.4,0.31,0.28,1.5,0.037000000000000005,12.0,119.0,0.9919,3.32,0.51,10.4,7
White,7.4,0.2,1.66,2.1,0.022000000000000002,34.0,113.0,0.99165,3.26,0.55,12.2,6
Red,9.0,0.38,0.41,2.4,0.10300000000000001,6.0,10.0,0.9960399999999999,3.13,0.58,11.9,7
White,6.2,0.2,0.26,9.7,0.03,39.0,102.0,0.9908,3.08,0.56,12.9,7
White,6.5,0.15,0.32,1.3,0.036000000000000004,19.0,76.0,0.98964,3.18,0.41,12.3,6
White,6.7,0.28,0.34,8.9,0.048,32.0,111.0,0.99455,3.25,0.54,11,7
White,6.9,0.26,0.29,4.2,0.043,33.0,114.0,0.9902,3.16,0.31,12.5,6
White,6.8,0.11,0.27,8.6,0.044000000000000004,45.0,104.0,0.99454,3.2,0.37,9.9,6
White,4.9,0.335,0.14,1.3,0.036000000000000004,69.0,168.0,0.9921200000000001,3.47,0.46,104.666.666.666.667,5
White,6.2,0.24,0.27,16.8,0.04,48.0,129.0,0.9969100000000001,3.23,0.38,10.5,6
White,6.6,0.34,0.4,8.1,0.046,68.0,170.0,0.9949399999999999,3.15,0.5,953.333.333.333.333,6
White,7.6,0.35,0.47,13.3,0.037000000000000005,42.0,116.0,0.9982200000000001,3.04,0.5,9.2,5
White,6.3,0.34,0.31,6.0,0.02,18.0,68.0,0.9898100000000001,3.22,0.29,13.4,7
Red,7.2,0.36,0.46,2.1,0.07400000000000001,24.0,44.0,0.99534,3.4,0.85,11,7
Red,8.3,0.42,0.38,2.5,0.094,24.0,60.0,0.9979,3.31,0.7,10.8,6
White,7.6,0.23,0.26,15.3,0.067,32.0,166.0,0.9986,3.03,0.44,9.2,4
White,5.0,0.31,0.0,6.4,0.046,43.0,166.0,0.9940000000000001,3.3,0.63,9.9,6
White,6.9,0.19,0.33,1.6,0.039,27.0,98.0,0.9898,3.09,0.46,12.3,7
White,6.5,0.28,0.38,7.8,0.031,54.0,216.0,0.99154,3.03,0.42,13.1,6
Red,5.6,0.31,0.37,1.4,0.07400000000000001,12.0,96.0,0.9954,3.32,0.58,9.2,5
White,6.8,0.63,0.04,1.3,0.057999999999999996,25.0,133.0,0.99271,3.17,0.39,10.2,4
White,6.7,0.24,0.29,6.8,0.038,54.0,127.0,0.9932,3.33,0.46,11.6,7
White,6.8,0.28,0.44,11.5,0.04,58.0,223.0,0.9969,3.22,0.56,9.5,5
White,6.1,0.23,0.27,9.8,0.055,74.0,134.0,0.99534,3.16,0.4,10.2,6
White,6.8,0.37,0.51,11.8,0.044000000000000004,62.0,163.0,0.9976,3.19,0.44,8.8,5
Red,6.8,0.47,0.08,2.2,0.064,18.0,38.0,0.9955299999999999,3.3,0.65,9.6,6
White,5.9,0.27,0.27,5.0,0.035,14.0,97.0,0.9905799999999999,3.1,0.33,11.8,7
White,6.7,0.25,0.74,19.4,0.054000000000000006,44.0,169.0,10.004,3.51,0.45,9.8,6
White,6.4,0.24,0.49,5.8,0.053,25.0,120.0,0.9942,3.01,0.98,10.5,6
White,7.1,0.36,0.37,4.8,0.019,39.0,114.0,0.99036,3.08,0.49,12.7,7
White,6.7,0.15,0.32,7.9,0.034,17.0,81.0,0.9951200000000001,3.29,0.31,10,6
Red,8.0,0.58,0.28,3.2,0.066,21.0,114.0,0.9973,3.22,0.54,9.4,6
White,6.7,0.19,0.34,1.0,0.022000000000000002,22.0,94.0,0.9912,3.23,0.57,11.1,6
White,6.6,0.25,0.31,12.4,0.059000000000000004,52.0,181.0,0.9984,3.51,0.47,9.8,6
Red,12.7,0.59,0.45,2.3,0.08199999999999999,11.0,22.0,1.0,3.0,0.7,9.3,6
White,5.1,0.33,0.22,1.6,0.027000000000000003,18.0,89.0,0.9893,3.51,0.38,12.5,7
White,6.1,0.36,0.41,19.35,0.07,67.0,207.0,100.118,3.39,0.53,9.1,5
White,6.4,0.37,0.2,5.6,0.11699999999999999,61.0,183.0,0.99459,3.24,0.43,9.5,5
Red,6.8,0.48,0.25,2.0,0.076,29.0,61.0,0.9953,3.34,0.6,10.4,5
White,5.4,0.5,0.13,5.0,0.027999999999999997,12.0,107.0,0.99079,3.48,0.88,13.5,7
Red,8.7,0.54,0.26,2.5,0.09699999999999999,7.0,31.0,0.9976,3.27,0.6,9.3,6
Red,8.1,0.53,0.22,2.2,0.078,33.0,89.0,0.9967799999999999,3.26,0.46,9.6,6
Red,7.3,0.48,0.32,2.1,0.062,31.0,54.0,0.9972799999999999,3.3,0.65,10,7
White,8.2,0.4,0.48,13.7,0.042,59.0,169.0,0.9986,3.1,0.52,9.4,5
Red,8.5,0.655,0.49,6.1,0.122,34.0,151.0,1.001,3.31,1.14,9.3,5
White,7.8,0.27,0.35,1.2,0.05,36.0,140.0,0.9913799999999999,3.09,0.45,11.2,5
White,5.8,0.21,0.32,1.6,0.045,38.0,95.0,0.98946,3.23,0.94,12.4,8
White,7.4,0.34,0.3,14.9,0.037000000000000005,70.0,169.0,0.99698,3.25,0.37,10.4,6
White,7.0,0.17,0.31,4.8,0.034,34.0,132.0,0.9944,3.36,0.48,9.6,7
White,7.4,0.31,0.74,10.7,0.039,51.0,147.0,0.9977,3.02,0.43,8.7,5
Red,6.6,0.52,0.04,2.2,0.069,8.0,15.0,0.9956,3.4,0.63,9.4,6
Red,7.7,1.005,0.15,2.1,0.102,11.0,32.0,0.9960399999999999,3.23,0.48,10,5
White,6.1,0.19,0.37,2.6,0.040999999999999995,24.0,99.0,0.9915299999999999,3.18,0.5,10.9,6
White,6.4,0.17,0.34,13.4,0.044000000000000004,45.0,139.0,0.9975200000000001,3.06,0.43,9.1,6
White,6.6,0.36,0.52,10.1,0.05,29.0,140.0,0.9962799999999999,3.07,0.4,9.4,5
White,5.9,0.24,0.3,2.0,0.033,28.0,92.0,0.99225,3.39,0.69,10.9,7
White,7.0,0.29,0.49,3.8,0.047,37.0,136.0,0.9938,2.95,0.4,9.4,6
White,7.3,0.28,0.42,1.2,0.033,29.0,142.0,0.99205,3.17,0.43,10.7,4
White,6.1,0.32,0.33,10.7,0.036000000000000004,27.0,98.0,0.99521,3.34,0.52,10.2,6
White,6.8,0.22,0.37,15.2,0.051,68.0,178.0,0.99935,3.4,0.85,9.3,6
White,6.8,0.39,0.34,7.4,0.02,38.0,133.0,0.9921200000000001,3.18,0.44,12,7
Red,6.7,0.855,0.02,1.9,0.064,29.0,38.0,0.99472,3.3,0.56,10.75,6
White,7.4,0.24,0.42,14.0,0.066,48.0,198.0,0.9979,2.89,0.42,8.9,6
White,7.0,0.22,0.28,1.5,0.037000000000000005,29.0,115.0,0.9927,3.11,0.55,10.5,6
White,6.3,0.13,0.42,1.1,0.043,63.0,146.0,0.99066,3.13,0.72,11.2,7
Red,9.0,0.44,0.49,2.4,0.078,26.0,121.0,0.9978,3.23,0.58,9.2,5
White,7.9,0.17,0.32,1.6,0.053,47.0,150.0,0.9948,3.29,0.76,9.6,6
White,7.1,0.29,0.34,7.8,0.036000000000000004,49.0,128.0,0.99397,3.21,0.4,10.7,6
Red,6.2,0.56,0.09,1.7,0.053,24.0,32.0,0.9940200000000001,3.54,0.6,11.3,5
White,6.5,0.21,0.51,17.6,0.045,34.0,125.0,0.99966,3.2,0.47,8.8,6
White,7.2,0.27,0.27,2.4,0.048,30.0,149.0,0.9936,3.1,0.51,9.2,6
White,5.9,0.25,0.27,1.5,0.028999999999999998,37.0,81.0,0.9892,3.2,0.46,12.2,6
White,7.3,0.41,0.24,6.8,0.057,41.0,163.0,0.9949,3.2,0.41,9.9,6
White,8.6,0.55,0.35,15.55,0.057,35.5,366.5,10.001,3.04,0.63,11,3
White,7.0,0.3,0.27,1.5,0.076,24.0,145.0,0.99344,3.1,0.52,10.1,5
White,6.5,0.46,0.41,16.8,0.084,59.0,222.0,0.9993,3.18,0.58,9,5
White,5.5,0.16,0.31,1.2,0.026000000000000002,31.0,68.0,0.9898,3.33,0.44,11.65,6
White,7.1,0.33,0.25,1.6,0.03,25.0,126.0,0.9901,3.22,0.34,12.1,7
Red,9.9,0.63,0.24,2.4,0.077,6.0,33.0,0.9974,3.09,0.57,9.4,5
White,6.4,0.25,0.32,5.5,0.049,41.0,176.0,0.995,3.19,0.68,9.2,6
White,7.8,0.18,0.46,13.6,0.052000000000000005,38.0,118.0,0.998,3.15,0.5,10,6
White,6.9,0.28,0.22,10.0,0.052000000000000005,36.0,131.0,0.9969600000000001,3.08,0.46,9.6,5
White,6.2,0.22,0.2,20.8,0.035,58.0,184.0,100.022,3.11,0.53,9,6
White,6.8,0.25,0.34,14.0,0.032,47.0,133.0,0.9952,3.37,0.5,12.2,7
White,8.0,0.28,0.32,7.6,0.045,61.0,204.0,0.9954299999999999,3.1,0.55,10.1,6
White,7.2,0.27,0.42,1.6,0.05,35.0,135.0,0.992,2.94,0.46,11,6
White,6.0,0.22,0.33,12.2,0.033,25.0,97.0,0.99356,3.17,0.42,11.3,7
White,6.7,0.35,0.48,8.8,0.055999999999999994,35.0,167.0,0.9962799999999999,3.04,0.47,9.4,5
White,6.9,0.2,0.41,1.1,0.06,36.0,104.0,0.9931700000000001,2.99,0.39,9.2,5
Red,9.1,0.45,0.35,2.4,0.08,23.0,78.0,0.9987,3.38,0.62,9.5,5
Red,8.3,0.54,0.28,1.9,0.077,11.0,40.0,0.9978,3.39,0.61,10,6
White,8.0,0.26,0.28,4.8,0.05,34.0,150.0,0.9943700000000001,3.13,0.5,10,6
Red,6.7,0.62,0.21,1.9,0.079,8.0,62.0,0.997,3.52,0.58,9.3,6
White,6.8,0.26,0.56,11.9,0.043,64.0,226.0,0.997,3.02,0.63,9.3,5
White,6.3,0.36,0.2,2.0,0.048,48.0,191.0,0.9929,3.17,0.51,9.6,5
White,6.8,0.29,0.56,11.9,0.043,66.0,230.0,0.9972,3.02,0.63,9.3,5
White,8.7,0.49,0.57,17.8,0.052000000000000005,34.0,243.0,10.007,2.98,0.82,9,5
Red,7.2,0.65,0.02,2.3,0.094,5.0,31.0,0.9993,3.67,0.8,9.7,5
White,7.2,0.25,0.39,18.95,0.038,42.0,155.0,0.9999,2.97,0.47,9,6
White,5.9,0.65,0.23,5.0,0.035,20.0,128.0,0.99016,3.46,0.48,12.8,6
Red,10.9,0.39,0.47,1.8,0.11800000000000001,6.0,14.0,0.9982,3.3,0.75,9.8,6
White,6.3,0.4,0.32,10.6,0.049,38.0,209.0,0.9981,3.47,0.59,9.3,6
White,7.1,0.18,0.49,1.3,0.033,12.0,72.0,0.99072,3.05,0.53,11.3,7
White,6.2,0.2,0.26,1.7,0.09300000000000001,40.0,161.0,0.9924,3.44,0.66,11,5
White,7.7,0.44,0.24,11.2,0.031,41.0,167.0,0.9948,3.12,0.43,11.3,7
White,5.8,0.3,0.38,4.9,0.039,22.0,86.0,0.9896299999999999,3.23,0.58,13.1,7
Red,7.4,0.55,0.19,1.8,0.08199999999999999,15.0,34.0,0.99655,3.49,0.68,10.5,5
White,5.8,0.28,0.34,4.0,0.031,40.0,99.0,0.9896,3.39,0.39,12.8,7
Red,9.0,0.58,0.25,2.8,0.075,9.0,104.0,0.99779,3.23,0.57,9.7,5
White,8.7,0.24,0.35,0.6,0.042,11.0,71.0,0.9926,3.08,0.38,10.6,5
Red,8.0,0.31,0.45,2.1,0.21600000000000003,5.0,16.0,0.9935799999999999,3.15,0.81,12.5,7
White,6.0,0.2,0.26,1.1,0.033,38.0,67.0,0.98954,3.14,0.38,11.5,6
Red,12.4,0.4,0.51,2.0,0.059000000000000004,6.0,24.0,0.9994,3.04,0.6,9.3,6
Red,6.9,1.09,0.06,2.1,0.061,12.0,31.0,0.9948,3.51,0.43,11.4,4
White,6.6,0.21,0.6,1.1,0.135,61.0,144.0,0.9927,3.12,0.39,9.3,7
White,6.2,0.41,0.22,1.9,0.023,5.0,56.0,0.9892799999999999,3.04,0.79,13,7
Red,9.1,0.6,0.0,1.9,0.057999999999999996,5.0,10.0,0.9977,3.18,0.63,10.4,6
White,7.0,0.3,0.51,13.6,0.05,40.0,168.0,0.9976,3.07,0.52,9.6,7
White,7.0,0.16,0.25,14.3,0.044000000000000004,27.0,149.0,0.998,2.91,0.46,9.2,6
Red,8.9,0.635,0.37,1.7,0.263,5.0,62.0,0.9971,3.0,1.09,9.3,5
White,5.9,0.2,0.23,1.5,0.037000000000000005,38.0,93.0,0.99021,3.36,0.49,12,6
White,7.6,0.36,0.49,11.3,0.046,87.0,221.0,0.9984,3.01,0.43,9.2,5
White,7.8,0.3,0.4,1.8,0.027999999999999997,23.0,122.0,0.9914,3.14,0.39,10.9,7
Red,11.9,0.58,0.58,1.9,0.071,5.0,18.0,0.998,3.09,0.63,10,6
White,8.4,0.2,0.38,11.8,0.055,51.0,170.0,10.004,3.34,0.82,8.9,6
White,6.6,0.28,0.23,10.4,0.049,45.0,190.0,0.99754,3.12,0.51,8.8,5
Red,7.9,0.18,0.4,2.2,0.049,38.0,67.0,0.996,3.33,0.93,11.3,5
White,6.3,0.1,0.24,6.0,0.039,25.0,107.0,0.99511,3.59,0.49,10.5,7
White,6.5,0.26,0.32,16.5,0.045,44.0,166.0,1.0,3.38,0.46,9.5,6
White,6.6,0.15,0.34,1.0,0.037000000000000005,45.0,79.0,0.98949,2.96,0.5,11.7,6
White,6.8,0.21,0.36,18.1,0.046,32.0,133.0,1.0,3.27,0.48,8.8,5
White,5.1,0.29,0.28,8.3,0.026000000000000002,27.0,107.0,0.99308,3.36,0.37,11,6
White,6.8,0.3,0.33,12.8,0.040999999999999995,60.0,168.0,0.99659,3.1,0.56,9.8,5
White,6.1,0.29,0.27,1.7,0.024,13.0,76.0,0.9893,3.21,0.51,12.6,7
Red,7.3,0.305,0.39,1.2,0.059000000000000004,7.0,11.0,0.99331,3.29,0.52,11.5,6
White,8.0,0.24,0.48,6.8,0.047,13.0,134.0,0.99616,3.23,0.7,10,5
White,6.6,0.29,0.31,3.9,0.027000000000000003,39.0,96.0,0.99035,3.24,0.6,12.6,8
